x,y1,y2
-1000,20.401700000000005,5.31,6.86,5.29,6.84
-999,19.239930000000015,5.3,6.86,5.29,6.85
-998,18.64145000000002,5.31,6.87,5.3,6.85
-997,20.436890000000005,5.3,6.86,5.3,6.83
-996,22.971679999999992,5.3,6.86,5.29,6.84
-995,18.958280000000002,5.3,6.85,5.29,6.84
-994,20.824160000000006,5.3,6.85,5.29,6.83
-993,21.985929999999996,5.31,6.84,5.28,6.83
-992,21.563480000000027,5.31,6.87,5.29,6.83
-991,20.26085999999998,5.32,6.86,5.28,6.83
-990,20.894560000000013,5.3,6.85,5.28,6.83
-989,21.281859999999995,5.3,6.86,5.29,6.84
-988,21.105799999999988,5.31,6.86,5.29,6.83
-987,19.41595000000001,5.31,6.85,5.29,6.84
-986,22.936519999999973,5.3,6.85,5.29,6.82
-985,22.725250000000017,5.31,6.85,5.28,6.83
-984,20.296080000000018,5.31,6.85,5.28,6.83
-983,21.00018,5.31,6.86,5.28,6.83
-982,18.113339999999994,5.31,6.88,5.29,6.84
-981,20.472109999999986,5.3,6.85,5.28,6.83
-980,21.281859999999995,5.31,6.85,5.29,6.85
-979,20.507319999999993,5.32,6.86,5.3,6.82
-978,19.662379999999985,5.32,6.88,5.29,6.84
-977,20.929779999999994,5.3,6.86,5.28,6.83
-976,20.049680000000023,5.3,6.85,5.3,6.85
-975,22.478819999999985,5.29,6.85,5.29,6.83
-974,18.711850000000027,5.31,6.86,5.3,6.85
-973,18.535799999999995,5.3,6.85,5.29,6.83
-972,18.465390000000014,5.31,6.85,5.3,6.83
-971,19.52157999999997,5.31,6.85,5.3,6.82
-970,22.021149999999977,5.31,6.85,5.29,6.84
-969,20.190459999999973,5.31,6.86,5.3,6.84
-968,20.612919999999974,5.31,6.85,5.28,6.84
-967,22.23239000000001,5.31,6.84,5.29,6.84
-966,19.80322000000001,5.31,6.84,5.29,6.83
-965,19.62716999999998,5.3,6.85,5.29,6.84
-964,18.782260000000008,5.29,6.83,5.29,6.83
-963,21.73950000000002,5.31,6.87,5.3,6.84
-962,21.422669999999982,5.33,6.86,5.28,6.83
-961,18.958280000000002,5.32,6.86,5.29,6.84
-960,18.394990000000007,5.31,6.85,5.3,6.84
-959,18.923099999999977,5.3,6.86,5.29,6.84
-958,18.958280000000002,5.3,6.86,5.29,6.84
-957,18.923099999999977,5.29,6.86,5.29,6.82
-956,20.401700000000005,5.3,6.86,5.29,6.84
-955,21.704319999999996,5.3,6.85,5.29,6.82
-954,21.03539999999998,5.33,6.86,5.31,6.83
-953,19.591979999999978,5.31,6.87,5.29,6.84
-952,20.71854000000002,5.32,6.85,5.29,6.84
-951,21.03539999999998,5.31,6.86,5.28,6.85
-950,18.923099999999977,5.31,6.85,5.3,6.83
-949,19.97924999999998,5.29,6.86,5.29,6.82
-948,20.929779999999994,5.3,6.86,5.29,6.83
-947,18.852660000000014,5.3,6.85,5.3,6.83
-946,22.23239000000001,5.3,6.84,5.31,6.83
-945,20.120060000000024,5.3,6.84,5.29,6.84
-944,19.97924999999998,5.3,6.84,5.29,6.83
-943,18.25418000000002,5.3,6.85,5.29,6.84
-942,21.00018,5.3,6.86,5.3,6.85
-941,22.161990000000003,5.31,6.85,5.28,6.85
-940,19.45114000000001,5.28,6.85,5.31,6.82
-939,22.161990000000003,5.3,6.85,5.3,6.85
-938,19.697569999999985,5.32,6.85,5.3,6.85
-937,17.90213,5.31,6.85,5.3,6.84
-936,20.507319999999993,5.31,6.85,5.3,6.84
-935,19.662379999999985,5.3,6.84,5.29,6.83
-934,22.725250000000017,5.29,6.86,5.28,6.84
-933,19.52157999999997,5.3,6.85,5.28,6.85
-932,20.824160000000006,5.31,6.86,5.29,6.84
-931,20.401700000000005,5.31,6.86,5.29,6.83
-930,19.697569999999985,5.3,6.85,5.29,6.83
-929,20.68335000000002,5.29,6.84,5.29,6.83
-928,19.591979999999978,5.29,6.85,5.29,6.84
-927,18.430209999999988,5.29,6.86,5.3,6.83
-926,22.971679999999992,5.29,6.85,5.29,6.85
-925,22.056370000000015,5.3,6.84,5.3,6.85
-924,20.71854000000002,5.31,6.86,5.28,6.83
-923,21.950739999999996,5.3,6.85,5.27,6.84
-922,19.97924999999998,5.29,6.85,5.3,6.84
-921,19.239930000000015,5.3,6.86,5.3,6.83
-920,18.782260000000008,5.3,6.86,5.31,6.84
-919,20.225709999999992,5.3,6.85,5.29,6.83
-918,20.542509999999993,5.29,6.85,5.3,6.81
-917,21.422669999999982,5.29,6.84,5.3,6.84
-916,20.26085999999998,5.29,6.85,5.3,6.85
-915,20.3313,5.32,6.86,5.31,6.84
-914,18.007720000000006,5.3,6.85,5.3,6.84
-913,21.38745,5.31,6.86,5.29,6.85
-912,20.788940000000025,5.31,6.86,5.3,6.84
-911,19.31033000000002,5.28,6.86,5.29,6.83
-910,19.16953000000001,5.29,6.84,5.28,6.83
-909,21.03539999999998,5.29,6.85,5.28,6.85
-908,21.00018,5.29,6.84,5.28,6.85
-907,19.345550000000003,5.29,6.86,5.29,6.84
-906,21.140989999999988,5.29,6.85,5.3,6.83
-905,21.140989999999988,5.31,6.85,5.29,6.83
-904,19.380769999999984,5.29,6.85,5.28,6.83
-903,22.126770000000022,5.3,6.85,5.29,6.83
-902,20.155269999999973,5.3,6.86,5.29,6.84
-901,21.00018,5.3,6.87,5.3,6.82
-900,20.225709999999992,5.32,6.85,5.27,6.83
-899,20.3313,5.31,6.85,5.28,6.84
-898,18.782260000000008,5.31,6.85,5.28,6.83
-897,22.61966000000001,5.31,6.84,5.29,6.83
-896,21.528290000000027,5.31,6.83,5.31,6.84
-895,18.747070000000008,5.31,6.84,5.29,6.83
-894,21.774720000000002,5.3,6.86,5.3,6.83
-893,19.45114000000001,5.3,6.85,5.29,6.84
-892,21.03539999999998,5.3,6.84,5.3,6.82
-891,22.443600000000004,5.31,6.86,5.28,6.82
-890,19.204709999999977,5.31,6.85,5.29,6.83
-889,19.48635999999999,5.31,6.84,5.29,6.83
-888,20.190459999999973,5.3,6.84,5.29,6.85
-887,18.852660000000014,5.31,6.85,5.29,6.83
-886,20.084870000000024,5.3,6.83,5.29,6.83
-885,20.436890000000005,5.31,6.85,5.29,6.83
-884,21.774720000000002,5.31,6.85,5.29,6.84
-883,20.824160000000006,5.3,6.86,5.27,6.85
-882,21.176210000000026,5.3,6.85,5.28,6.83
-881,19.591979999999978,5.3,6.85,5.29,6.85
-880,21.91552999999999,5.29,6.86,5.29,6.83
-879,20.3313,5.3,6.85,5.29,6.82
-878,21.03539999999998,5.31,6.86,5.29,6.83
-877,20.436890000000005,5.31,6.85,5.31,6.83
-876,20.753750000000025,5.3,6.85,5.29,6.82
-875,19.06389999999999,5.31,6.86,5.3,6.84
-874,18.958280000000002,5.31,6.86,5.3,6.85
-873,20.964969999999994,5.3,6.84,5.29,6.84
-872,22.866089999999986,5.29,6.84,5.29,6.83
-871,19.52157999999997,5.31,6.85,5.27,6.82
-870,20.612919999999974,5.32,6.84,5.29,6.83
-869,19.83841000000001,5.31,6.85,5.29,6.84
-868,19.06389999999999,5.31,6.85,5.29,6.83
-867,21.00018,5.31,6.85,5.28,6.84
-866,21.950739999999996,5.31,6.86,5.29,6.84
-865,19.80322000000001,5.3,6.85,5.3,6.84
-864,19.768010000000004,5.3,6.84,5.3,6.84
-863,22.408389999999997,5.31,6.84,5.29,6.85
-862,20.824160000000006,5.3,6.85,5.29,6.84
-861,21.00018,5.3,6.87,5.29,6.84
-860,19.48635999999999,5.29,6.86,5.29,6.84
-859,19.80322000000001,5.31,6.84,5.3,6.84
-858,21.598689999999976,5.3,6.85,5.29,6.82
-857,19.06389999999999,5.3,6.86,5.3,6.83
-856,21.38745,5.3,6.85,5.3,6.83
-855,20.824160000000006,5.29,6.86,5.29,6.84
-854,19.732820000000004,5.31,6.86,5.29,6.83
-853,20.71854000000002,5.3,6.87,5.3,6.83
-852,20.64816000000002,5.29,6.85,5.3,6.82
-851,20.190459999999973,5.31,6.85,5.31,6.84
-850,21.246640000000014,5.3,6.86,5.3,6.83
-849,21.07062000000002,5.29,6.87,5.29,6.85
-848,19.52157999999997,5.3,6.85,5.29,6.84
-847,19.31033000000002,5.3,6.86,5.3,6.83
-846,19.87360000000001,5.3,6.85,5.29,6.83
-845,22.443600000000004,5.31,6.85,5.28,6.84
-844,22.021149999999977,5.31,6.85,5.28,6.83
-843,20.859370000000013,5.31,6.86,5.28,6.84
-842,22.26758000000001,5.3,6.86,5.3,6.84
-841,21.176210000000026,5.3,6.85,5.29,6.84
-840,19.591979999999978,5.31,6.84,5.29,6.84
-839,20.68335000000002,5.3,6.85,5.3,6.84
-838,20.859370000000013,5.31,6.84,5.29,6.83
-837,20.753750000000025,5.29,6.84,5.3,6.85
-836,20.225709999999992,5.29,6.87,5.28,6.84
-835,23.00693000000001,5.3,6.86,5.29,6.84
-834,19.591979999999978,5.31,6.86,5.29,6.84
-833,19.97924999999998,5.3,6.86,5.3,6.82
-832,21.38745,5.3,6.86,5.3,6.83
-831,21.45789000000002,5.3,6.86,5.29,6.83
-830,21.528290000000027,5.32,6.84,5.29,6.82
-829,21.38745,5.3,6.85,5.3,6.82
-828,20.472109999999986,5.3,6.85,5.3,6.83
-827,21.45789000000002,5.3,6.85,5.3,6.83
-826,20.753750000000025,5.31,6.84,5.3,6.84
-825,20.64816000000002,5.3,6.84,5.29,6.84
-824,19.80322000000001,5.31,6.85,5.29,6.85
-823,19.099120000000028,5.31,6.85,5.29,6.82
-822,21.03539999999998,5.3,6.85,5.29,6.85
-821,19.275120000000015,5.31,6.85,5.3,6.84
-820,19.732820000000004,5.3,6.86,5.3,6.82
-819,20.929779999999994,5.3,6.85,5.29,6.84
-818,17.93732,5.29,6.85,5.29,6.84
-817,21.45789000000002,5.3,6.84,5.28,6.84
-816,21.88033999999999,5.31,6.86,5.3,6.84
-815,19.239930000000015,5.31,6.84,5.29,6.83
-814,20.401700000000005,5.31,6.86,5.31,6.84
-813,21.03539999999998,5.3,6.85,5.29,6.84
-812,20.964969999999994,5.29,6.87,5.3,6.84
-811,19.275120000000015,5.3,6.84,5.29,6.83
-810,24.274290000000008,5.28,6.87,5.3,6.84
-809,23.887049999999988,5.29,6.85,5.3,6.83
-808,18.465390000000014,5.28,6.86,5.29,6.83
-807,21.03539999999998,5.29,6.85,5.31,6.82
-806,18.782260000000008,5.29,6.85,5.3,6.84
-805,20.753750000000025,5.29,6.83,5.3,6.83
-804,24.626340000000027,5.3,6.83,5.29,6.83
-803,18.007720000000006,5.29,6.84,5.31,6.84
-802,20.894560000000013,5.31,6.85,5.29,6.84
-801,22.725250000000017,5.31,6.86,5.3,6.83
-800,18.394990000000007,5.3,6.84,5.27,6.81
-799,20.472109999999986,5.31,6.84,5.3,6.83
-798,22.161990000000003,5.31,6.86,5.31,6.83
-797,19.80322000000001,5.29,6.85,5.3,6.81
-796,19.62716999999998,5.3,6.86,5.3,6.83
-795,22.901279999999986,5.31,6.86,5.3,6.82
-794,20.155269999999973,5.31,6.86,5.29,6.84
-793,20.824160000000006,5.3,6.88,5.29,6.84
-792,21.528290000000027,5.31,6.84,5.28,6.84
-791,23.07729999999998,5.3,6.85,5.29,6.84
-790,19.697569999999985,5.3,6.85,5.29,6.85
-789,19.48635999999999,5.31,6.85,5.29,6.83
-788,20.929779999999994,5.29,6.85,5.29,6.82
-787,24.34469999999999,5.28,6.85,5.29,6.82
-786,19.41595000000001,5.3,6.85,5.3,6.83
-785,18.852660000000014,5.3,6.85,5.3,6.84
-784,21.598689999999976,5.3,6.85,5.3,6.85
-783,20.64816000000002,5.3,6.85,5.29,6.83
-782,20.577729999999974,5.31,6.85,5.29,6.83
-781,22.19717000000003,5.31,6.85,5.31,6.83
-780,18.28937000000002,5.3,6.86,5.29,6.83
-779,20.788940000000025,5.3,6.86,5.29,6.83
-778,22.056370000000015,5.31,6.85,5.3,6.82
-777,22.54921999999999,5.29,6.85,5.28,6.83
-776,21.176210000000026,5.31,6.85,5.27,6.84
-775,19.944029999999998,5.32,6.87,5.29,6.84
-774,19.41595000000001,5.32,6.86,5.29,6.83
-773,21.317049999999995,5.31,6.85,5.29,6.84
-772,21.317049999999995,5.31,6.86,5.28,6.83
-771,20.71854000000002,5.31,6.87,5.29,6.83
-770,19.62716999999998,5.3,6.86,5.29,6.84
-769,19.62716999999998,5.3,6.85,5.29,6.84
-768,19.028689999999983,5.29,6.86,5.3,6.84
-767,20.296080000000018,5.3,6.87,5.31,6.86
-766,23.640589999999975,5.29,6.84,5.3,6.84
-765,19.52157999999997,5.31,6.87,5.29,6.85
-764,20.894560000000013,5.3,6.86,5.3,6.84
-763,19.134310000000028,5.31,6.85,5.3,6.84
-762,21.176210000000026,5.32,6.85,5.28,6.84
-761,18.958280000000002,5.3,6.85,5.29,6.84
-760,21.598689999999976,5.3,6.85,5.29,6.83
-759,20.612919999999974,5.3,6.85,5.3,6.83
-758,20.26085999999998,5.31,6.85,5.3,6.83
-757,21.03539999999998,5.31,6.84,5.3,6.83
-756,20.68335000000002,5.3,6.86,5.29,6.83
-755,20.049680000000023,5.31,6.86,5.29,6.83
-754,22.54921999999999,5.31,6.86,5.31,6.84
-753,19.204709999999977,5.3,6.85,5.3,6.83
-752,22.23239000000001,5.3,6.86,5.3,6.82
-751,18.852660000000014,5.31,6.84,5.29,6.82
-750,21.317049999999995,5.3,6.85,5.29,6.83
-749,20.64816000000002,5.31,6.85,5.29,6.84
-748,20.894560000000013,5.31,6.85,5.29,6.84
-747,20.36649,5.29,6.85,5.29,6.83
-746,19.204709999999977,5.31,6.86,5.29,6.82
-745,21.211430000000007,5.32,6.85,5.3,6.82
-744,19.62716999999998,5.3,6.86,5.3,6.82
-743,20.68335000000002,5.31,6.85,5.3,6.85
-742,19.87360000000001,5.3,6.85,5.3,6.83
-741,21.45789000000002,5.3,6.85,5.29,6.83
-740,20.64816000000002,5.32,6.86,5.3,6.83
-739,20.190459999999973,5.3,6.88,5.28,6.82
-738,20.964969999999994,5.29,6.86,5.3,6.83
-737,21.176210000000026,5.32,6.84,5.29,6.84
-736,21.45789000000002,5.3,6.86,5.31,6.83
-735,20.26085999999998,5.29,6.85,5.3,6.84
-734,18.958280000000002,5.29,6.87,5.29,6.84
-733,20.155269999999973,5.31,6.86,5.29,6.85
-732,19.099120000000028,5.3,6.86,5.29,6.84
-731,19.48635999999999,5.3,6.85,5.27,6.86
-730,20.788940000000025,5.31,6.86,5.29,6.84
-729,19.134310000000028,5.3,6.85,5.29,6.83
-728,23.00693000000001,5.29,6.85,5.3,6.82
-727,21.704319999999996,5.28,6.85,5.3,6.83
-726,20.894560000000013,5.3,6.85,5.31,6.83
-725,20.542509999999993,5.29,6.85,5.31,6.83
-724,22.514040000000023,5.29,6.87,5.29,6.83
-723,21.45789000000002,5.3,6.86,5.3,6.84
-722,20.472109999999986,5.28,6.85,5.28,6.84
-721,22.61966000000001,5.29,6.86,5.29,6.84
-720,21.669100000000014,5.29,6.87,5.3,6.83
-719,21.45789000000002,5.3,6.84,5.29,6.83
-718,20.929779999999994,5.3,6.85,5.28,6.84
-717,19.275120000000015,5.3,6.87,5.3,6.84
-716,19.80322000000001,5.3,6.86,5.29,6.83
-715,18.958280000000002,5.32,6.84,5.29,6.84
-714,19.380769999999984,5.31,6.84,5.29,6.83
-713,20.894560000000013,5.31,6.86,5.3,6.83
-712,19.80322000000001,5.3,6.86,5.3,6.83
-711,20.401700000000005,5.31,6.85,5.3,6.83
-710,20.64816000000002,5.31,6.87,5.28,6.84
-709,19.099120000000028,5.29,6.85,5.29,6.83
-708,21.03539999999998,5.31,6.86,5.3,6.83
-707,19.06389999999999,5.3,6.85,5.3,6.85
-706,21.03539999999998,5.3,6.86,5.29,6.84
-705,18.394990000000007,5.31,6.85,5.3,6.85
-704,19.944029999999998,5.29,6.86,5.29,6.84
-703,19.768010000000004,5.31,6.87,5.29,6.84
-702,19.697569999999985,5.3,6.86,5.28,6.82
-701,21.774720000000002,5.3,6.86,5.29,6.83
-700,20.71854000000002,5.29,6.85,5.29,6.82
-699,22.725250000000017,5.3,6.86,5.3,6.83
-698,20.788940000000025,5.3,6.86,5.27,6.82
-697,20.753750000000025,5.3,6.85,5.28,6.84
-696,18.394990000000007,5.32,6.86,5.29,6.85
-695,20.64816000000002,5.31,6.87,5.3,6.83
-694,20.014430000000004,5.31,6.84,5.29,6.83
-693,20.26085999999998,5.3,6.86,5.3,6.83
-692,20.225709999999992,5.31,6.86,5.29,6.84
-691,21.669100000000014,5.31,6.86,5.29,6.83
-690,20.612919999999974,5.3,6.84,5.29,6.82
-689,21.317049999999995,5.31,6.86,5.31,6.82
-688,20.401700000000005,5.32,6.86,5.3,6.83
-687,23.78143,5.31,6.86,5.3,6.83
-686,20.014430000000004,5.31,6.85,5.28,6.83
-685,17.655669999999986,5.31,6.85,5.3,6.84
-684,22.443600000000004,5.31,6.86,5.29,6.84
-683,20.3313,5.3,6.86,5.29,6.84
-682,19.239930000000015,5.3,6.86,5.3,6.84
-681,19.52157999999997,5.31,6.85,5.29,6.84
-680,20.084870000000024,5.3,6.86,5.3,6.84
-679,21.140989999999988,5.29,6.84,5.3,6.84
-678,20.155269999999973,5.29,6.85,5.3,6.83
-677,20.929779999999994,5.29,6.86,5.29,6.83
-676,19.591979999999978,5.29,6.86,5.3,6.82
-675,20.753750000000025,5.3,6.86,5.29,6.83
-674,19.06389999999999,5.32,6.85,5.28,6.84
-673,22.58447000000001,5.31,6.85,5.3,6.82
-672,22.76049999999998,5.29,6.87,5.3,6.82
-671,22.056370000000015,5.3,6.85,5.29,6.84
-670,20.894560000000013,5.3,6.86,5.3,6.83
-669,19.345550000000003,5.31,6.86,5.3,6.84
-668,21.73950000000002,5.32,6.85,5.29,6.84
-667,20.788940000000025,5.3,6.85,5.3,6.84
-666,20.472109999999986,5.3,6.83,5.31,6.83
-665,20.401700000000005,5.32,6.84,5.3,6.83
-664,20.472109999999986,5.29,6.84,5.29,6.83
-663,18.465390000000014,5.29,6.86,5.29,6.84
-662,19.52157999999997,5.31,6.85,5.29,6.84
-661,21.03539999999998,5.29,6.86,5.29,6.84
-660,21.105799999999988,5.3,6.85,5.3,6.85
-659,20.859370000000013,5.29,6.85,5.3,6.85
-658,20.577729999999974,5.3,6.85,5.29,6.83
-657,23.39413000000002,5.32,6.86,5.29,6.84
-656,18.958280000000002,5.3,6.84,5.29,6.84
-655,21.422669999999982,5.28,6.85,5.29,6.83
-654,20.788940000000025,5.3,6.85,5.3,6.84
-653,22.091549999999984,5.29,6.86,5.29,6.84
-652,21.105799999999988,5.32,6.85,5.3,6.84
-651,19.697569999999985,5.3,6.85,5.3,6.85
-650,19.62716999999998,5.31,6.86,5.3,6.84
-649,19.908839999999998,5.31,6.87,5.29,6.83
-648,21.176210000000026,5.3,6.86,5.29,6.83
-647,23.570159999999987,5.29,6.86,5.29,6.83
-646,20.612919999999974,5.29,6.85,5.3,6.85
-645,21.73950000000002,5.29,6.85,5.29,6.83
-644,19.345550000000003,5.28,6.86,5.3,6.84
-643,19.908839999999998,5.31,6.86,5.29,6.83
-642,20.577729999999974,5.3,6.84,5.31,6.84
-641,20.929779999999994,5.31,6.85,5.3,6.84
-640,18.500609999999995,5.32,6.85,5.3,6.84
-639,20.824160000000006,5.3,6.85,5.29,6.84
-638,20.68335000000002,5.31,6.84,5.28,6.83
-637,20.753750000000025,5.29,6.85,5.3,6.83
-636,20.788940000000025,5.31,6.86,5.29,6.85
-635,21.03539999999998,5.31,6.86,5.29,6.83
-634,19.62716999999998,5.32,6.86,5.31,6.84
-633,21.246640000000014,5.3,6.85,5.29,6.84
-632,20.190459999999973,5.31,6.87,5.29,6.84
-631,20.64816000000002,5.3,6.84,5.29,6.83
-630,20.507319999999993,5.3,6.85,5.31,6.84
-629,20.929779999999994,5.3,6.84,5.3,6.85
-628,19.204709999999977,5.3,6.85,5.29,6.84
-627,20.894560000000013,5.31,6.85,5.29,6.84
-626,19.62716999999998,5.31,6.85,5.3,6.85
-625,17.831700000000012,5.29,6.84,5.29,6.85
-624,20.964969999999994,5.29,6.86,5.31,6.84
-623,21.774720000000002,5.29,6.84,5.29,6.85
-622,21.00018,5.29,6.85,5.28,6.84
-621,21.03539999999998,5.3,6.84,5.29,6.83
-620,19.80322000000001,5.3,6.85,5.29,6.84
-619,19.275120000000015,5.3,6.86,5.3,6.85
-618,20.64816000000002,5.28,6.85,5.3,6.83
-617,20.225709999999992,5.3,6.84,5.3,6.84
-616,20.014430000000004,5.31,6.83,5.3,6.83
-615,20.542509999999993,5.31,6.86,5.3,6.83
-614,17.93732,5.29,6.85,5.32,6.86
-613,18.324580000000026,5.3,6.85,5.31,6.85
-612,21.00018,5.29,6.86,5.3,6.83
-611,22.161990000000003,5.3,6.86,5.3,6.84
-610,21.38745,5.31,6.86,5.28,6.84
-609,19.591979999999978,5.29,6.87,5.29,6.83
-608,19.62716999999998,5.3,6.84,5.29,6.83
-607,19.80322000000001,5.3,6.85,5.3,6.84
-606,20.824160000000006,5.31,6.85,5.29,6.84
-605,19.697569999999985,5.29,6.85,5.3,6.83
-604,20.894560000000013,5.31,6.84,5.29,6.85
-603,22.866089999999986,5.31,6.84,5.3,6.85
-602,20.71854000000002,5.31,6.84,5.29,6.85
-601,20.507319999999993,5.32,6.85,5.29,6.84
-600,20.084870000000024,5.31,6.84,5.29,6.84
-599,19.275120000000015,5.29,6.85,5.29,6.84
-598,20.824160000000006,5.3,6.84,5.29,6.83
-597,18.923099999999977,5.29,6.87,5.3,6.84
-596,19.06389999999999,5.31,6.86,5.29,6.83
-595,20.612919999999974,5.33,6.87,5.29,6.83
-594,21.00018,5.31,6.86,5.31,6.83
-593,20.859370000000013,5.31,6.86,5.28,6.84
-592,20.788940000000025,5.31,6.86,5.29,6.82
-591,21.105799999999988,5.31,6.86,5.3,6.83
-590,18.324580000000026,5.3,6.85,5.3,6.85
-589,19.099120000000028,5.29,6.85,5.3,6.85
-588,21.73950000000002,5.3,6.86,5.31,6.85
-587,21.669100000000014,5.31,6.85,5.31,6.85
-586,20.753750000000025,5.3,6.85,5.3,6.84
-585,19.31033000000002,5.31,6.85,5.3,6.82
-584,21.669100000000014,5.3,6.85,5.29,6.83
-583,20.753750000000025,5.3,6.86,5.3,6.83
-582,18.747070000000008,5.31,6.85,5.29,6.84
-581,20.788940000000025,5.31,6.84,5.29,6.83
-580,22.19717000000003,5.3,6.86,5.3,6.84
-579,21.176210000000026,5.31,6.86,5.28,6.84
-578,22.61966000000001,5.31,6.85,5.28,6.84
-577,20.894560000000013,5.31,6.86,5.29,6.84
-576,20.859370000000013,5.31,6.85,5.28,6.84
-575,20.859370000000013,5.3,6.86,5.29,6.84
-574,20.014430000000004,5.31,6.86,5.29,6.83
-573,20.929779999999994,5.31,6.87,5.29,6.85
-572,20.120060000000024,5.3,6.86,5.3,6.82
-571,17.690890000000024,5.3,6.86,5.3,6.83
-570,20.894560000000013,5.3,6.85,5.3,6.84
-569,20.507319999999993,5.3,6.86,5.31,6.84
-568,20.824160000000006,5.31,6.84,5.3,6.84
-567,20.71854000000002,5.31,6.86,5.3,6.83
-566,22.443600000000004,5.31,6.86,5.3,6.84
-565,22.971679999999992,5.31,6.85,5.3,6.86
-564,20.014430000000004,5.31,6.85,5.29,6.84
-563,20.612919999999974,5.3,6.85,5.29,6.84
-562,19.275120000000015,5.29,6.84,5.29,6.82
-561,20.824160000000006,5.29,6.85,5.29,6.82
-560,20.788940000000025,5.3,6.86,5.29,6.84
-559,20.894560000000013,5.31,6.86,5.29,6.83
-558,22.725250000000017,5.3,6.85,5.29,6.84
-557,22.58447000000001,5.32,6.85,5.31,6.84
-556,21.00018,5.3,6.85,5.29,6.83
-555,20.788940000000025,5.31,6.86,5.31,6.85
-554,21.140989999999988,5.31,6.85,5.3,6.82
-553,22.690060000000017,5.31,6.85,5.31,6.83
-552,21.00018,5.29,6.86,5.28,6.82
-551,21.176210000000026,5.31,6.86,5.29,6.83
-550,21.528290000000027,5.29,6.86,5.3,6.83
-549,19.908839999999998,5.29,6.87,5.3,6.84
-548,20.3313,5.3,6.86,5.29,6.83
-547,20.577729999999974,5.29,6.84,5.28,6.82
-546,19.099120000000028,5.3,6.85,5.3,6.83
-545,21.88033999999999,5.3,6.84,5.29,6.84
-544,20.788940000000025,5.28,6.87,5.29,6.83
-543,18.958280000000002,5.3,6.86,5.3,6.84
-542,21.07062000000002,5.3,6.86,5.28,6.84
-541,20.436890000000005,5.3,6.85,5.29,6.83
-540,21.91552999999999,5.32,6.87,5.28,6.83
-539,19.62716999999998,5.31,6.86,5.3,6.84
-538,19.204709999999977,5.33,6.86,5.29,6.83
-537,20.401700000000005,5.3,6.87,5.3,6.83
-536,21.774720000000002,5.29,6.87,5.3,6.84
-535,21.73950000000002,5.29,6.86,5.3,6.83
-534,20.753750000000025,5.29,6.85,5.29,6.83
-533,21.38745,5.3,6.85,5.29,6.83
-532,21.00018,5.29,6.84,5.29,6.85
-531,20.964969999999994,5.3,6.83,5.29,6.84
-530,20.120060000000024,5.29,6.85,5.3,6.84
-529,21.774720000000002,5.3,6.86,5.29,6.83
-528,21.105799999999988,5.29,6.85,5.31,6.84
-527,21.598689999999976,5.3,6.86,5.31,6.84
-526,21.809939999999983,5.31,6.86,5.31,6.84
-525,18.958280000000002,5.29,6.86,5.31,6.84
-524,19.204709999999977,5.3,6.86,5.31,6.83
-523,23.04210999999998,5.31,6.85,5.31,6.83
-522,22.021149999999977,5.31,6.86,5.31,6.83
-521,19.556789999999978,5.29,6.85,5.3,6.84
-520,22.373199999999997,5.29,6.85,5.3,6.83
-519,20.577729999999974,5.3,6.85,5.29,6.83
-518,19.732820000000004,5.29,6.84,5.29,6.83
-517,21.49306999999999,5.29,6.84,5.3,6.83
-516,20.753750000000025,5.29,6.85,5.31,6.85
-515,22.65485000000001,5.29,6.85,5.32,6.81
-514,21.88033999999999,5.31,6.83,5.29,6.83
-513,21.317049999999995,5.29,6.85,5.29,6.82
-512,20.753750000000025,5.3,6.84,5.29,6.83
-511,20.964969999999994,5.31,6.85,5.3,6.83
-510,18.747070000000008,5.3,6.85,5.29,6.83
-509,19.06389999999999,5.3,6.86,5.3,6.83
-508,19.591979999999978,5.3,6.86,5.3,6.84
-507,19.41595000000001,5.33,6.88,5.3,6.83
-506,22.23239000000001,5.32,6.86,5.28,6.83
-505,21.176210000000026,5.29,6.86,5.28,6.85
-504,22.408389999999997,5.29,6.85,5.3,6.84
-503,22.126770000000022,5.3,6.85,5.28,6.83
-502,22.056370000000015,5.3,6.85,5.29,6.84
-501,19.697569999999985,5.3,6.86,5.28,6.83
-500,20.753750000000025,5.31,6.87,5.3,6.83
-499,20.36649,5.31,6.84,5.3,6.83
-498,18.782260000000008,5.31,6.85,5.3,6.84
-497,22.091549999999984,5.3,6.85,5.3,6.85
-496,21.669100000000014,5.31,6.85,5.3,6.83
-495,18.993499999999983,5.3,6.85,5.3,6.83
-494,19.52157999999997,5.29,6.87,5.3,6.83
-493,19.52157999999997,5.28,6.85,5.3,6.84
-492,19.591979999999978,5.28,6.86,5.29,6.83
-491,20.894560000000013,5.29,6.84,5.3,6.83
-490,19.52157999999997,5.3,6.85,5.3,6.83
-489,21.03539999999998,5.31,6.86,5.29,6.82
-488,20.612919999999974,5.3,6.86,5.31,6.84
-487,20.401700000000005,5.29,6.87,5.3,6.84
-486,20.929779999999994,5.29,6.85,5.29,6.85
-485,20.929779999999994,5.29,6.86,5.3,6.84
-484,20.577729999999974,5.3,6.85,5.29,6.84
-483,20.3313,5.3,6.85,5.29,6.82
-482,21.38745,5.3,6.86,5.3,6.83
-481,20.084870000000024,5.29,6.85,5.28,6.83
-480,18.887879999999996,5.31,6.86,5.3,6.83
-479,20.084870000000024,5.31,6.85,5.29,6.82
-478,23.570159999999987,5.3,6.85,5.3,6.83
-477,20.049680000000023,5.32,6.83,5.29,6.83
-476,22.478819999999985,5.3,6.85,5.31,6.83
-475,20.824160000000006,5.3,6.85,5.3,6.84
-474,21.528290000000027,5.3,6.84,5.29,6.83
-473,22.936519999999973,5.29,6.85,5.28,6.83
-472,20.155269999999973,5.31,6.84,5.29,6.82
-471,21.03539999999998,5.32,6.86,5.3,6.83
-470,22.161990000000003,5.31,6.85,5.29,6.83
-469,17.831700000000012,5.31,6.85,5.3,6.81
-468,20.894560000000013,5.33,6.85,5.29,6.84
-467,20.929779999999994,5.31,6.85,5.3,6.83
-466,20.71854000000002,5.3,6.86,5.29,6.84
-465,20.190459999999973,5.3,6.85,5.3,6.82
-464,18.606229999999982,5.3,6.85,5.29,6.84
-463,21.422669999999982,5.3,6.85,5.29,6.84
-462,19.134310000000028,5.31,6.85,5.31,6.82
-461,20.612919999999974,5.3,6.84,5.29,6.84
-460,21.00018,5.31,6.86,5.31,6.85
-459,20.36649,5.3,6.84,5.29,6.84
-458,20.542509999999993,5.3,6.85,5.3,6.84
-457,21.281859999999995,5.32,6.86,5.31,6.84
-456,20.753750000000025,5.3,6.85,5.29,6.82
-455,21.598689999999976,5.29,6.85,5.29,6.83
-454,21.704319999999996,5.3,6.85,5.28,6.85
-453,20.26085999999998,5.3,6.85,5.28,6.83
-452,17.620479999999986,5.31,6.85,5.29,6.84
-451,21.317049999999995,5.31,6.86,5.31,6.83
-450,20.64816000000002,5.3,6.86,5.29,6.82
-449,20.929779999999994,5.31,6.85,5.28,6.82
-448,19.80322000000001,5.31,6.85,5.29,6.83
-447,23.711000000000013,5.31,6.85,5.29,6.83
-446,20.436890000000005,5.29,6.85,5.29,6.83
-445,19.732820000000004,5.3,6.85,5.3,6.84
-444,21.91552999999999,5.29,6.87,5.28,6.84
-443,22.690060000000017,5.31,6.86,5.3,6.85
-442,20.190459999999973,5.32,6.85,5.29,6.83
-441,19.41595000000001,5.31,6.85,5.29,6.84
-440,21.246640000000014,5.28,6.84,5.3,6.82
-439,18.359770000000026,5.29,6.85,5.29,6.82
-438,20.120060000000024,5.29,6.85,5.29,6.83
-437,23.00693000000001,5.3,6.85,5.28,6.83
-436,19.52157999999997,5.28,6.86,5.29,6.83
-435,20.964969999999994,5.3,6.87,5.29,6.83
-434,20.71854000000002,5.3,6.86,5.29,6.84
-433,22.76049999999998,5.31,6.86,5.3,6.83
-432,20.788940000000025,5.3,6.86,5.29,6.83
-431,18.148559999999975,5.29,6.86,5.3,6.83
-430,21.00018,5.29,6.87,5.29,6.83
-429,19.87360000000001,5.3,6.86,5.29,6.83
-428,20.929779999999994,5.28,6.87,5.29,6.83
-427,21.03539999999998,5.3,6.87,5.3,6.85
-426,21.669100000000014,5.3,6.84,5.29,6.83
-425,19.31033000000002,5.31,6.86,5.3,6.83
-424,20.71854000000002,5.31,6.85,5.3,6.84
-423,20.859370000000013,5.31,6.85,5.29,6.85
-422,20.577729999999974,5.29,6.85,5.28,6.84
-421,21.950739999999996,5.3,6.85,5.3,6.85
-420,20.507319999999993,5.3,6.85,5.29,6.84
-419,21.140989999999988,5.31,6.85,5.28,6.83
-418,19.80322000000001,5.3,6.86,5.29,6.83
-417,20.401700000000005,5.3,6.85,5.3,6.83
-416,19.768010000000004,5.29,6.84,5.3,6.83
-415,20.577729999999974,5.31,6.86,5.3,6.82
-414,20.788940000000025,5.3,6.86,5.3,6.83
-413,21.246640000000014,5.32,6.86,5.28,6.83
-412,19.41595000000001,5.33,6.85,5.3,6.83
-411,19.80322000000001,5.32,6.86,5.28,6.82
-410,21.88033999999999,5.31,6.86,5.28,6.83
-409,20.507319999999993,5.3,6.85,5.3,6.83
-408,19.732820000000004,5.31,6.84,5.3,6.82
-407,20.894560000000013,5.29,6.85,5.3,6.82
-406,19.662379999999985,5.29,6.85,5.31,6.83
-405,23.288540000000012,5.29,6.87,5.29,6.83
-404,19.52157999999997,5.29,6.86,5.29,6.82
-403,20.753750000000025,5.31,6.86,5.29,6.83
-402,20.64816000000002,5.3,6.85,5.29,6.84
-401,22.65485000000001,5.3,6.85,5.3,6.82
-400,19.80322000000001,5.29,6.85,5.29,6.82
-399,19.099120000000028,5.3,6.86,5.3,6.81
-398,20.71854000000002,5.3,6.84,5.28,6.82
-397,19.697569999999985,5.29,6.84,5.28,6.82
-396,21.45789000000002,5.3,6.84,5.28,6.84
-395,20.824160000000006,5.32,6.84,5.29,6.84
-394,19.62716999999998,5.29,6.85,5.3,6.82
-393,21.35226,5.3,6.83,5.3,6.82
-392,19.204709999999977,5.29,6.84,5.29,6.82
-391,20.049680000000023,5.29,6.84,5.28,6.82
-390,19.556789999999978,5.31,6.85,5.29,6.82
-389,21.809939999999983,5.3,6.83,5.29,6.84
-388,19.697569999999985,5.32,6.84,5.28,6.84
-387,21.950739999999996,5.29,6.85,5.29,6.84
-386,19.87360000000001,5.3,6.83,5.3,6.83
-385,19.83841000000001,5.3,6.85,5.3,6.83
-384,19.204709999999977,5.3,6.85,5.29,6.83
-383,20.68335000000002,5.31,6.84,5.29,6.83
-382,21.84512000000001,5.3,6.85,5.28,6.82
-381,22.373199999999997,5.3,6.85,5.29,6.83
-380,21.88033999999999,5.32,6.85,5.29,6.84
-379,19.80322000000001,5.31,6.84,5.29,6.85
-378,21.84512000000001,5.31,6.85,5.28,6.82
-377,22.690060000000017,5.3,6.85,5.31,6.83
-376,20.68335000000002,5.31,6.86,5.29,6.83
-375,20.929779999999994,5.3,6.86,5.28,6.83
-374,19.45114000000001,5.3,6.85,5.28,6.85
-373,20.824160000000006,5.31,6.86,5.29,6.84
-372,19.41595000000001,5.32,6.85,5.3,6.84
-371,20.824160000000006,5.3,6.86,5.3,6.85
-370,20.753750000000025,5.28,6.84,5.29,6.84
-369,22.866089999999986,5.3,6.85,5.29,6.84
-368,20.824160000000006,5.31,6.84,5.29,6.84
-367,20.577729999999974,5.28,6.84,5.29,6.84
-366,19.83841000000001,5.31,6.84,5.29,6.83
-365,21.03539999999998,5.3,6.86,5.3,6.83
-364,20.401700000000005,5.3,6.85,5.31,6.85
-363,21.176210000000026,5.31,6.85,5.3,6.83
-362,19.45114000000001,5.29,6.85,5.3,6.84
-361,21.704319999999996,5.3,6.85,5.3,6.83
-360,19.768010000000004,5.3,6.84,5.3,6.83
-359,19.62716999999998,5.3,6.85,5.3,6.84
-358,19.41595000000001,5.33,6.85,5.31,6.82
-357,22.725250000000017,5.31,6.86,5.29,6.83
-356,19.80322000000001,5.3,6.86,5.29,6.83
-355,18.711850000000027,5.31,6.85,5.29,6.83
-354,19.099120000000028,5.29,6.85,5.29,6.83
-353,20.612919999999974,5.29,6.86,5.29,6.84
-352,23.182950000000005,5.3,6.85,5.3,6.83
-351,21.140989999999988,5.27,6.84,5.28,6.84
-350,20.507319999999993,5.3,6.85,5.3,6.84
-349,18.042939999999987,5.29,6.85,5.3,6.85
-348,20.788940000000025,5.3,6.85,5.3,6.83
-347,19.908839999999998,5.31,6.84,5.29,6.83
-346,22.936519999999973,5.33,6.83,5.29,6.84
-345,18.28937000000002,5.32,6.84,5.29,6.84
-344,19.099120000000028,5.3,6.86,5.3,6.84
-343,20.472109999999986,5.3,6.86,5.29,6.84
-342,20.753750000000025,5.28,6.84,5.27,6.83
-341,18.67667,5.29,6.85,5.28,6.83
-340,21.704319999999996,5.28,6.85,5.28,6.84
-339,20.64816000000002,5.3,6.86,5.28,6.83
-338,18.747070000000008,5.3,6.84,5.3,6.84
-337,21.633910000000014,5.3,6.86,5.29,6.82
-336,21.07062000000002,5.28,6.84,5.28,6.81
-335,20.612919999999974,5.3,6.83,5.28,6.84
-334,19.16953000000001,5.31,6.84,5.29,6.82
-333,20.542509999999993,5.3,6.86,5.29,6.81
-332,19.380769999999984,5.31,6.85,5.28,6.82
-331,19.380769999999984,5.29,6.87,5.28,6.84
-330,21.03539999999998,5.3,6.83,5.29,6.83
-329,20.824160000000006,5.3,6.85,5.3,6.83
-328,21.03539999999998,5.29,6.83,5.31,6.84
-327,18.465390000000014,5.31,6.84,5.29,6.82
-326,22.830899999999986,5.31,6.84,5.31,6.83
-325,20.824160000000006,5.3,6.85,5.28,6.83
-324,19.52157999999997,5.29,6.85,5.31,6.83
-323,18.747070000000008,5.3,6.86,5.28,6.84
-322,21.91552999999999,5.29,6.85,5.29,6.84
-321,19.908839999999998,5.3,6.85,5.27,6.83
-320,21.03539999999998,5.3,6.86,5.28,6.83
-319,19.732820000000004,5.3,6.86,5.3,6.83
-318,23.00693000000001,5.31,6.85,5.3,6.82
-317,19.591979999999978,5.31,6.85,5.29,6.83
-316,20.64816000000002,5.3,6.85,5.31,6.83
-315,19.591979999999978,5.3,6.86,5.29,6.85
-314,19.134310000000028,5.3,6.86,5.29,6.85
-313,21.774720000000002,5.3,6.85,5.3,6.83
-312,21.105799999999988,5.31,6.85,5.29,6.85
-311,19.204709999999977,5.29,6.86,5.28,6.84
-310,19.45114000000001,5.3,6.85,5.3,6.83
-309,20.577729999999974,5.29,6.86,5.3,6.83
-308,22.478819999999985,5.3,6.85,5.29,6.81
-307,20.084870000000024,5.29,6.87,5.28,6.83
-306,22.161990000000003,5.3,6.84,5.29,6.83
-305,22.161990000000003,5.31,6.84,5.29,6.83
-304,20.753750000000025,5.29,6.86,5.28,6.82
-303,22.478819999999985,5.3,6.86,5.29,6.83
-302,19.239930000000015,5.32,6.86,5.29,6.84
-301,19.80322000000001,5.31,6.85,5.28,6.83
-300,18.25418000000002,5.31,6.84,5.29,6.84
-299,20.542509999999993,5.3,6.84,5.29,6.84
-298,20.612919999999974,5.31,6.85,5.29,6.85
-297,20.68335000000002,5.31,6.84,5.3,6.84
-296,20.929779999999994,5.3,6.85,5.29,6.85
-295,19.97924999999998,5.32,6.86,5.3,6.84
-294,19.556789999999978,5.3,6.86,5.3,6.85
-293,20.753750000000025,5.3,6.86,5.28,6.84
-292,19.591979999999978,5.3,6.85,5.3,6.83
-291,21.281859999999995,5.3,6.85,5.28,6.82
-290,19.275120000000015,5.29,6.86,5.29,6.83
-289,20.64816000000002,5.3,6.86,5.3,6.83
-288,20.964969999999994,5.3,6.86,5.3,6.84
-287,20.964969999999994,5.3,6.85,5.28,6.84
-286,18.923099999999977,5.3,6.85,5.29,6.85
-285,22.65485000000001,5.29,6.84,5.3,6.85
-284,21.35226,5.28,6.84,5.29,6.83
-283,20.788940000000025,5.31,6.86,5.31,6.84
-282,20.788940000000025,5.3,6.84,5.3,6.85
-281,19.134310000000028,5.31,6.86,5.31,6.85
-280,21.809939999999983,5.3,6.85,5.29,6.83
-279,22.478819999999985,5.31,6.85,5.3,6.82
-278,23.112520000000018,5.29,6.85,5.29,6.84
-277,22.091549999999984,5.29,6.85,5.31,6.86
-276,21.91552999999999,5.29,6.85,5.29,6.84
-275,20.64816000000002,5.29,6.86,5.3,6.85
-274,21.35226,5.31,6.86,5.29,6.83
-273,21.528290000000027,5.3,6.86,5.3,6.84
-272,20.049680000000023,5.3,6.86,5.3,6.82
-271,22.76049999999998,5.29,6.86,5.31,6.82
-270,19.697569999999985,5.3,6.85,5.28,6.85
-269,20.964969999999994,5.31,6.84,5.3,6.84
-268,21.176210000000026,5.31,6.84,5.3,6.84
-267,21.774720000000002,5.3,6.84,5.29,6.85
-266,21.422669999999982,5.31,6.84,5.29,6.84
-265,20.894560000000013,5.31,6.85,5.29,6.84
-264,23.992650000000026,5.29,6.84,5.29,6.84
-263,22.26758000000001,5.28,6.85,5.29,6.84
-262,19.83841000000001,5.29,6.85,5.3,6.85
-261,20.049680000000023,5.3,6.85,5.29,6.84
-260,21.45789000000002,5.31,6.85,5.3,6.85
-259,20.542509999999993,5.29,6.86,5.29,6.83
-258,22.971679999999992,5.29,6.85,5.29,6.84
-257,19.028689999999983,5.31,6.84,5.3,6.83
-256,21.84512000000001,5.31,6.84,5.3,6.82
-255,20.225709999999992,5.31,6.84,5.29,6.82
-254,21.704319999999996,5.29,6.84,5.3,6.83
-253,19.556789999999978,5.29,6.85,5.3,6.82
-252,21.105799999999988,5.3,6.86,5.3,6.82
-251,20.859370000000013,5.31,6.86,5.28,6.83
-250,21.774720000000002,5.3,6.86,5.3,6.83
-249,19.62716999999998,5.3,6.84,5.29,6.84
-248,19.697569999999985,5.3,6.84,5.29,6.84
-247,20.472109999999986,5.3,6.83,5.29,6.84
-246,19.345550000000003,5.32,6.85,5.29,6.84
-245,18.500609999999995,5.31,6.85,5.3,6.84
-244,21.140989999999988,5.31,6.86,5.29,6.85
-243,20.507319999999993,5.3,6.86,5.3,6.83
-242,22.725250000000017,5.29,6.86,5.3,6.85
-241,20.788940000000025,5.3,6.86,5.3,6.85
-240,18.394990000000007,5.29,6.85,5.3,6.84
-239,19.239930000000015,5.29,6.85,5.3,6.84
-238,20.753750000000025,5.3,6.85,5.3,6.84
-237,19.908839999999998,5.29,6.87,5.29,6.83
-236,20.894560000000013,5.3,6.85,5.3,6.84
-235,20.120060000000024,5.29,6.86,5.3,6.84
-234,20.71854000000002,5.29,6.86,5.3,6.83
-233,19.275120000000015,5.29,6.86,5.29,6.84
-232,21.03539999999998,5.3,6.86,5.29,6.85
-231,19.697569999999985,5.3,6.85,5.29,6.83
-230,22.443600000000004,5.29,6.86,5.3,6.83
-229,21.317049999999995,5.29,6.84,5.29,6.85
-228,20.964969999999994,5.3,6.84,5.28,6.84
-227,18.57101,5.32,6.84,5.28,6.84
-226,20.577729999999974,5.3,6.84,5.28,6.83
-225,19.52157999999997,5.3,6.85,5.28,6.83
-224,20.753750000000025,5.32,6.85,5.29,6.84
-223,22.19717000000003,5.31,6.84,5.29,6.86
-222,20.225709999999992,5.32,6.84,5.29,6.85
-221,22.056370000000015,5.29,6.84,5.3,6.83
-220,20.824160000000006,5.31,6.85,5.3,6.83
-219,21.35226,5.31,6.85,5.3,6.84
-218,20.612919999999974,5.3,6.85,5.3,6.85
-217,20.436890000000005,5.3,6.86,5.29,6.84
-216,21.176210000000026,5.29,6.85,5.3,6.84
-215,20.824160000000006,5.31,6.85,5.32,6.84
-214,18.500609999999995,5.32,6.86,5.29,6.85
-213,19.62716999999998,5.3,6.83,5.29,6.83
-212,20.824160000000006,5.3,6.84,5.28,6.84
-211,22.936519999999973,5.31,6.84,5.28,6.85
-210,19.732820000000004,5.29,6.85,5.29,6.84
-209,20.472109999999986,5.31,6.86,5.31,6.83
-208,20.859370000000013,5.3,6.86,5.32,6.84
-207,23.49975999999998,5.31,6.86,5.3,6.82
-206,22.690060000000017,5.31,6.84,5.29,6.83
-205,20.3313,5.31,6.84,5.3,6.81
-204,22.126770000000022,5.3,6.83,5.3,6.83
-203,20.788940000000025,5.3,6.86,5.29,6.84
-202,21.140989999999988,5.3,6.84,5.29,6.83
-201,21.00018,5.31,6.86,5.28,6.83
-200,21.35226,5.29,6.84,5.29,6.83
-199,22.58447000000001,5.29,6.86,5.28,6.83
-198,21.07062000000002,5.29,6.85,5.29,6.82
-197,20.894560000000013,5.3,6.84,5.27,6.84
-196,20.788940000000025,5.3,6.84,5.3,6.83
-195,20.225709999999992,5.31,6.86,5.3,6.83
-194,18.993499999999983,5.3,6.84,5.28,6.83
-193,20.753750000000025,5.31,6.86,5.29,6.82
-192,20.64816000000002,5.3,6.85,5.29,6.82
-191,20.824160000000006,5.3,6.86,5.28,6.81
-190,19.908839999999998,5.3,6.86,5.29,6.82
-189,21.246640000000014,5.31,6.85,5.3,6.83
-188,20.36649,5.3,6.86,5.3,6.81
-187,20.71854000000002,5.31,6.85,5.29,6.82
-186,23.218140000000005,5.3,6.84,5.3,6.82
-185,20.436890000000005,5.31,6.85,5.3,6.83
-184,18.042939999999987,5.3,6.84,5.29,6.83
-183,23.711000000000013,5.3,6.86,5.29,6.83
-182,23.992650000000026,5.29,6.86,5.3,6.82
-181,19.275120000000015,5.3,6.85,5.29,6.83
-180,19.52157999999997,5.3,6.87,5.29,6.84
-179,20.472109999999986,5.31,6.86,5.29,6.83
-178,20.049680000000023,5.32,6.85,5.29,6.83
-177,21.281859999999995,5.3,6.85,5.3,6.84
-176,20.859370000000013,5.3,6.85,5.28,6.84
-175,20.401700000000005,5.3,6.83,5.29,6.83
-174,19.662379999999985,5.3,6.85,5.29,6.82
-173,22.338009999999997,5.3,6.84,5.29,6.83
-172,19.06389999999999,5.3,6.84,5.29,6.86
-171,19.31033000000002,5.32,6.86,5.3,6.84
-170,20.26085999999998,5.3,6.83,5.3,6.83
-169,20.964969999999994,5.31,6.84,5.3,6.85
-168,19.908839999999998,5.3,6.85,5.31,6.84
-167,21.00018,5.3,6.85,5.29,6.84
-166,21.49306999999999,5.29,6.84,5.31,6.86
-165,21.176210000000026,5.29,6.85,5.3,6.83
-164,19.83841000000001,5.3,6.85,5.3,6.82
-163,19.380769999999984,5.29,6.85,5.3,6.84
-162,19.768010000000004,5.29,6.85,5.3,6.82
-161,19.134310000000028,5.31,6.86,5.3,6.83
-160,22.725250000000017,5.33,6.87,5.3,6.84
-159,20.71854000000002,5.29,6.86,5.29,6.83
-158,20.577729999999974,5.3,6.85,5.29,6.84
-157,20.64816000000002,5.29,6.86,5.3,6.84
-156,20.753750000000025,5.29,6.84,5.29,6.84
-155,22.30279999999999,5.29,6.85,5.28,6.84
-154,19.48635999999999,5.3,6.85,5.29,6.83
-153,20.049680000000023,5.3,6.86,5.28,6.81
-152,20.64816000000002,5.31,6.85,5.29,6.83
-151,19.028689999999983,5.32,6.85,5.29,6.82
-150,21.03539999999998,5.31,6.86,5.3,6.82
-149,22.478819999999985,5.29,6.86,5.29,6.82
-148,21.03539999999998,5.3,6.85,5.3,6.83
-147,20.964969999999994,5.3,6.87,5.3,6.83
-146,19.31033000000002,5.3,6.86,5.28,6.84
-145,21.84512000000001,5.3,6.86,5.29,6.85
-144,22.408389999999997,5.3,6.85,5.29,6.82
-143,21.950739999999996,5.29,6.84,5.29,6.83
-142,20.788940000000025,5.31,6.85,5.29,6.84
-141,19.52157999999997,5.32,6.86,5.3,6.83
-140,22.65485000000001,5.3,6.85,5.29,6.83
-139,22.161990000000003,5.31,6.84,5.29,6.84
-138,21.07062000000002,5.3,6.87,5.28,6.85
-137,19.908839999999998,5.3,6.86,5.28,6.84
-136,20.788940000000025,5.3,6.86,5.29,6.84
-135,23.922239999999988,5.3,6.86,5.29,6.84
-134,20.507319999999993,5.31,6.85,5.3,6.83
-133,21.528290000000027,5.31,6.86,5.28,6.84
-132,21.38745,5.3,6.86,5.28,6.84
-131,20.36649,5.31,6.84,5.29,6.85
-130,21.598689999999976,5.3,6.85,5.28,6.85
-129,20.472109999999986,5.31,6.85,5.31,6.85
-128,20.753750000000025,5.29,6.85,5.3,6.83
-127,20.190459999999973,5.3,6.87,5.29,6.85
-126,23.07729999999998,5.29,6.85,5.29,6.84
-125,20.507319999999993,5.31,6.86,5.3,6.83
-124,20.542509999999993,5.31,6.85,5.3,6.83
-123,19.41595000000001,5.3,6.86,5.3,6.85
-122,20.859370000000013,5.3,6.86,5.29,6.84
-121,20.894560000000013,5.31,6.87,5.31,6.85
-120,20.68335000000002,5.3,6.86,5.28,6.84
-119,22.76049999999998,5.29,6.85,5.29,6.83
-118,21.950739999999996,5.28,6.85,5.3,6.83
-117,19.908839999999998,5.3,6.86,5.28,6.83
-116,19.591979999999978,5.32,6.85,5.29,6.85
-115,21.211430000000007,5.28,6.84,5.27,6.82
-114,20.788940000000025,5.29,6.85,5.27,6.83
-113,22.338009999999997,5.31,6.86,5.29,6.83
-112,20.472109999999986,5.3,6.85,5.3,6.83
-111,20.824160000000006,5.3,6.85,5.29,6.84
-110,20.507319999999993,5.3,6.87,5.29,6.83
-109,19.380769999999984,5.31,6.85,5.3,6.84
-108,20.894560000000013,5.31,6.86,5.3,6.83
-107,21.49306999999999,5.31,6.84,5.29,6.84
-106,22.830899999999986,5.31,6.85,5.29,6.83
-105,20.120060000000024,5.3,6.85,5.3,6.84
-104,20.64816000000002,5.3,6.85,5.29,6.83
-103,20.68335000000002,5.29,6.84,5.29,6.83
-102,18.958280000000002,5.31,6.87,5.29,6.83
-101,19.944029999999998,5.3,6.86,5.3,6.83
-100,20.894560000000013,5.3,6.86,5.28,6.84
-99,22.901279999999986,5.31,6.85,5.28,6.83
-98,19.028689999999983,5.32,6.84,5.29,6.83
-97,20.788940000000025,5.33,6.86,5.29,6.83
-96,22.161990000000003,5.31,6.85,5.28,6.83
-95,19.87360000000001,5.3,6.85,5.29,6.85
-94,19.768010000000004,5.3,6.85,5.28,6.85
-93,19.944029999999998,5.3,6.87,5.29,6.84
-92,19.908839999999998,5.31,6.85,5.28,6.83
-91,19.52157999999997,5.31,6.87,5.27,6.83
-90,21.03539999999998,5.32,6.85,5.29,6.83
-89,20.824160000000006,5.3,6.87,5.3,6.83
-88,20.190459999999973,5.31,6.87,5.3,6.83
-87,21.105799999999988,5.3,6.85,5.29,6.83
-86,20.824160000000006,5.31,6.85,5.3,6.82
-85,22.19717000000003,5.29,6.86,5.3,6.83
-84,20.859370000000013,5.29,6.85,5.31,6.84
-83,22.373199999999997,5.32,6.85,5.3,6.84
-82,22.19717000000003,5.31,6.85,5.29,6.84
-81,21.03539999999998,5.3,6.87,5.29,6.84
-80,19.944029999999998,5.29,6.86,5.29,6.84
-79,20.859370000000013,5.29,6.86,5.29,6.82
-78,19.697569999999985,5.29,6.86,5.29,6.85
-77,19.06389999999999,5.3,6.85,5.3,6.84
-76,20.120060000000024,5.3,6.86,5.28,6.82
-75,20.964969999999994,5.29,6.84,5.29,6.83
-74,21.35226,5.31,6.85,5.29,6.85
-73,22.021149999999977,5.3,6.85,5.29,6.83
-72,19.97924999999998,5.3,6.85,5.29,6.84
-71,21.140989999999988,5.29,6.85,5.3,6.83
-70,22.408389999999997,5.3,6.86,5.32,6.86
-69,20.929779999999994,5.31,6.86,5.31,6.83
-68,20.577729999999974,5.31,6.86,5.31,6.85
-67,19.697569999999985,5.3,6.85,5.29,6.84
-66,18.747070000000008,5.3,6.85,5.29,6.84
-65,19.204709999999977,5.3,6.84,5.3,6.84
-64,19.591979999999978,5.3,6.86,5.29,6.83
-63,17.90213,5.3,6.87,5.29,6.84
-62,20.824160000000006,5.31,6.85,5.29,6.82
-61,20.964969999999994,5.3,6.86,5.27,6.83
-60,21.317049999999995,5.32,6.85,5.27,6.82
-59,19.87360000000001,5.29,6.86,5.28,6.84
-58,20.577729999999974,5.3,6.88,5.29,6.83
-57,19.97924999999998,5.3,6.84,5.31,6.85
-56,20.612919999999974,5.29,6.86,5.3,6.83
-55,19.697569999999985,5.3,6.86,5.3,6.84
-54,19.944029999999998,5.31,6.87,5.29,6.83
-53,19.31033000000002,5.32,6.85,5.31,6.84
-52,19.16953000000001,5.29,6.86,5.31,6.83
-51,19.908839999999998,5.3,6.87,5.3,6.83
-50,19.87360000000001,5.28,6.86,5.29,6.82
-49,20.788940000000025,5.3,6.86,5.28,6.82
-48,20.788940000000025,5.29,6.86,5.28,6.84
-47,22.161990000000003,5.31,6.85,5.3,6.84
-46,21.38745,5.3,6.86,5.28,6.84
-45,20.155269999999973,5.3,6.86,5.27,6.83
-44,20.084870000000024,5.3,6.85,5.29,6.84
-43,24.027859999999976,5.3,6.87,5.29,6.84
-42,20.36649,5.3,6.87,5.29,6.83
-41,18.359770000000026,5.31,6.85,5.3,6.83
-40,19.48635999999999,5.29,6.86,5.29,6.82
-39,19.41595000000001,5.3,6.84,5.29,6.82
-38,19.380769999999984,5.3,6.83,5.28,6.83
-37,19.31033000000002,5.31,6.85,5.27,6.85
-36,19.16953000000001,5.3,6.85,5.26,6.85
-35,19.380769999999984,5.29,6.86,5.28,6.83
-34,19.662379999999985,5.3,6.85,5.28,6.84
-33,22.126770000000022,5.28,6.85,5.3,6.84
-32,20.26085999999998,5.3,6.85,5.31,6.85
-31,20.436890000000005,5.31,6.84,5.28,6.83
-30,20.859370000000013,5.31,6.84,5.29,6.83
-29,19.41595000000001,5.31,6.83,5.3,6.85
-28,21.35226,5.3,6.85,5.3,6.83
-27,20.71854000000002,5.3,6.85,5.29,6.82
-26,22.161990000000003,5.29,6.84,5.27,6.82
-25,19.52157999999997,5.3,6.86,5.29,6.83
-24,19.028689999999983,5.28,6.85,5.3,6.83
-23,19.80322000000001,5.29,6.84,5.29,6.84
-22,20.71854000000002,5.29,6.85,5.3,6.84
-21,22.056370000000015,5.31,6.85,5.29,6.84
-20,21.281859999999995,5.3,6.85,5.29,6.83
-19,20.36649,5.3,6.84,5.28,6.82
-18,21.598689999999976,5.3,6.85,5.3,6.83
-17,22.830899999999986,5.3,6.84,5.29,6.83
-16,21.809939999999983,5.3,6.85,5.31,6.83
-15,21.633910000000014,5.3,6.86,5.29,6.83
-14,21.281859999999995,5.3,6.87,5.29,6.82
-13,19.345550000000003,5.31,6.85,5.3,6.82
-12,21.140989999999988,5.3,6.86,5.3,6.84
-11,21.774720000000002,5.31,6.86,5.29,6.85
-10,19.697569999999985,5.32,6.85,5.28,6.84
-9,19.83841000000001,5.29,6.87,5.29,6.84
-8,20.71854000000002,5.28,6.85,5.29,6.82
-7,20.859370000000013,5.31,6.85,5.3,6.82
-6,21.140989999999988,5.29,6.87,5.31,6.83
-5,19.768010000000004,5.3,6.84,5.3,6.83
-4,21.45789000000002,5.3,6.85,5.29,6.83
-3,21.00018,5.3,6.85,5.28,6.83
-2,20.507319999999993,5.31,6.85,5.28,6.83
-1,20.753750000000025,5.29,6.85,5.3,6.84
0,18.958280000000002,5.3,6.85,5.28,6.85
